address,privateKey,used
0xc48eA7e07164eCB2C9Ab882C0Ef4C02Df1FA269a,eth_private_key_1,false
0x0cBb0Fb2A44e1282710BA7ac4F7d566647379527,eth_private_key_2,false
0x8609CA11520Cb361B014947ed286C587D53b0D8b,eth_private_key_3,false
0xE4cD66E1e36265DC6beFB2b9D413D42871753226,eth_private_key_4,false
0x647a4623F2e01dEFc886fB5134E4262120f4f8A3,eth_private_key_5,false
0xC531B4dE170CC2ab84bDACcF75d7F36574f113Cd,eth_private_key_6,false
0x7B3E1EC995a2Ef00409cBE1B671DaC58f9E2849D,eth_private_key_7,false
0x40dAB5FBdc5C82Ddc27acfEA6aE786dd6726e814,eth_private_key_8,false
0xAbe5Fd383dc24D14E287C055Af0e85952117e605,eth_private_key_9,false
0x066C2A3a55AD6c676bA0BC3eBE6022fe318284c8,eth_private_key_10,false
